Title,Record Label,Release Date
Photek - T'Raenon,ART Records,May-17
Ricardo Villalobos - Easy Lee / Dexter,Sei Es Drum,Aug-15
Soul Capsule - Overcome / Lady Science (NYC Sunrise),Trelik,Nov-12
A Number of Names - Sharevari,Capriccio Records,Jan-13
Floating Points - Shadows,Eglo,Dec-11
Carl Craig - Just Another Day,Planet E,Oct-11
Various Artists - Back In The Box LP 05 Sampler 01,NRK Music,May-11
Reel By Real - 20 Years Surkit,a.r.t.less,Oct-10
Black Rascals - Blaze Theme,Slow To Speak,Oct-10
Ron Hardy & Gene Hunt - Throwback 87,Rush Hour Music,Sep-10
T++ - Wireless,Honest Jon's Records,Apr-10
Mr Fingers - Mr Fingers EP,Alleviated Records,Jan-10
Heaven & Earth - Prescription EP,Running Back,Jan-10
M:Landsky - Bloodhound / Rush'N'Run,Decks Classix,Dec-09
Rick Wilhite - The Godson / Soul Edge,Rush Hour Music,Nov-09
Bruno Pronsato - The Make Up The Break Up,thesongsays,Aug-09
Marvin Belton - Bleed to Be Free,Ferrispark,NA
Thomas Brinkmann - Isch,Curle Recordings,Jul-09
Various Artists - Secretsundaze Volume 2 Album Sampler A/B,Secretsundaze,NA
Intrusion - Tswana Dub,Intrusion,Aug-08
DeepChord & Mike Huckaby - The Detroit Remixes,Cache Records,Mar-08
Ricardo Villalobos - Vasco EP Part 1,Perlon,May-08
Paleface feat. Kyla - Do You Mind,Maximum Bass,May-08
Chymera - Ellipsis,Figure,May-08
Namlook - Subharmonic Atoms,Macro,May-08
Omar-S - Psychotic Photosynthesis,FXHE Records,Dec-07
Aaron Carl - Crucified,Millions of Moments,Mar-08
Hercules and Love Affair - Blind,DFA Records,Jan-08
The Juan Maclean - Happy House,DFA Records,Mar-08
Armando - Don't Take It,Let's Pet Puppies,Nov-07
Peverelist - Infinity is Now,Tectonic Recordings,Feb-08
Lee Jones - Aria,Aus Music,Feb-08
Claude VonStroke & Christian Martin - Groundhog Day,Dirtybird,Dec-07
Kabale Und Liebe & Daniel Sanchez - Mumbling Yeah,Area Remote,Oct-07
Bruno Pronsato - At Home I'm A Tourist,Hello? Repeat,Nov-07
Dominique Leone - Dominique Leone EP,Feedelity,Nov-07
Jamie Jones - Still Here EP,Freak n' Chic,Nov-07
Gaiser - Eye Contact EP,M-nus,Oct-07
Redshape - Unfinished Symmetry,Present,Sep-07
Nick Solé - World Dubbing,Mojuba,Aug-07
Stimming - Funkworm,Diynamic Music,Sep-07
Petre Inspirescu - Tips,Cadenza Records,Sep-07
Martyn - Broken/Shadowcasting,Revolve:R,May-07
Henrik Schwarz - Walk Music,Moodmusic,Mar-07
Riley Reinhold - Light In My Eyes Remixe,My Best Friend,Aug-07
Dusty Kid - Anatome EP Vol. 1,Boxer Recordings,Jun-07
Snax - Honeymoon's Over,Terranova Records,Jun-07
Naughty - The World Of A Woman,Moodmusic,Jun-07
Brendon Moeller - Jazz Space EP,Third Ear,May-07
Ãme - Balandine EP,Innervisions,May-07
Jörg Burger - Polyform 1,K2,Mar-07
Booka Shade - In White Rooms (Vinyl One),Get Physical Music,May-06
Ctrl-Z - Kung Fu Funk with Screwface/Shotgun Riddim with Ken Mac,Hardcore Beats,May-06
J2D2 - Spirit He Gained To Move on,Bellarine Recordings,Feb-06
Luke Dzierzek - One Day / Echo,Silver Planet,Oct-05
Yunus Guvenen - Let go/Fever,Bedrock Records,Sep-05
Kosmas Epsilon - Innocent Thoughts,Heavy Rotation,Jun-05
Rico Tubbs - Flashlighter/Brazillia,Menu Music,May-05
Sultan - Shivers,Shinichi,NA
Ryuku Underground - Seragaki (Remixes),Baroque Records,Aug-04
Billy Dalessandro - In The Dark,Kompute Musik,Jul-04
Steve Lawler - Lost,Subversive,May-04
Kasey Taylor & Chris Meehan - South of the Border,Vapour Recordings,Mar-04
Alex Millan - Aspiration Affine EP,Hypnotek,May-04
Hypnotic - Various 03,Hypnotic Music,May-04
The Booty Bouncers - Get Dirty Baby,Rat Records,Apr-04
Quivver - Space Manouevres Pt3,Boz Boz,Mar-04
Bill Vega & New Decade - Running Scared,Full Intent,Mar-04
Solar Plexus - Solar Plexus,Sexonwax,Nov-03
Undo / Redo - The Bee and its Flower,Mantra Vibes,Oct-03
Yunus - Invasion EP,Bedrock Records,Aug-03
James Zabiela - Sound in Motion (Unmixed),Hooj Choons,Jul-03
Yoshitoshi's 100th Release,Yoshitoshi,Apr-03
Chab - The Dub Sessions,Shinichi,Feb-03
System F - Solstice,Tsunami,NA
The Elite - 5 Seconds 2 Terminate,Future Sound Corporation,Nov-02
Humate - Choose Life [YR092],Yoshitoshi,NA
Washington* - Brooklyn In Brixton/Dica,Distraekt Records,Oct-02
Gregory - Tropical Soundclash,Defected Records,NA
Darren Emerson - H20,Underwater Records,Sep-02
Bernard Leon Howard III featuring 80 - Marscarter [SHI009],Shinichi,NA
Ian Pooley + Magik J - Piha,Honchos Music,NA
Samsara - Afterthought/Looking Glass [YR073],Yoshitoshi,NA
Raw As Fuck - Punks/Demon Beats,Against The Grain,Jul-02
Simon J Bregher feat. Dreams Maker - Ultimo Respiro / Giu' la Testa,Future Sound Corporation,Aug-02
Red Star - West London feat. MC Spee,10 Kilo,Sep-02
Skool Of Thought - Sound Check/Devastate,Supercharged,May-02
Skool Of Thought - Sound Check/Devastate,Supercharged,May-02
Lorient - Salvation,Inversus Records,Jun-02
Cinematic Orchestra with Fontella Bass - All That You Give,Ninja Tune,Apr-02
Grandadbob - Satch The Cat,NA,NA
Plump DJ's - Big Groovy Fucker/T.B. Reality,Finger Lickin',NA
Terry Francis - How Can Something So Deep / Bonjour Charles,Groove Pleasure,Jan-02